model,Clarification Rate,Acknowledge Ambiguity Rate,Behavior Match Rate,Success Rate,Appropriateness
gpt2,0.8666666666666667,0.0,0.5333333333333333,0.5333333333333333,0.53
flan-t5,0.0,0.0,0.03333333333333333,0.03333333333333333,0.08
llama-3,0.8666666666666667,0.0,0.5333333333333333,0.5333333333333333,0.53
