comparison,t_stat,p_value_t,wilcoxon_stat,p_value_w,cohen_d
gpt2 vs flan-t5,4.784844495080824,4.6117925026916575e-05,9.0,0.0002747267638079423,1.3112465782349276
gpt2 vs llama-3,,,0.0,1.0,0.0
flan-t5 vs llama-3,-4.784844495080824,4.6117925026916575e-05,9.0,0.0002747267638079423,-1.3112465782349276
